{"522139536906649607.318384645274337280":{"avisos":1,"ban":1},"414530340217159682.318384645274337280":{"avisos":0,"ban":0}}