{"414530340217159682.318384645274337280":{"avisos":0,"ban":0},"414530340217159682.401472534719234048":{"avisos":0,"ban":0}}